{"cameraMode":{"drawMode":0,"name":"Shaded","section":"Shading Mode"},"sceneLighting":true,"audioPlay":false,"sceneViewState":{"m_AlwaysRefresh":false,"showFog":true,"showSkybox":true,"showFlares":true,"showImageEffects":true,"showParticleSystems":true,"showVisualEffectGraphs":true,"m_FxEnabled":true},"in2DMode":false,"pivot":{"x":15.162347793579102,"y":-3.917022943496704,"z":14.139022827148438},"rotation":{"x":-0.20432232320308686,"y":0.02113465406000614,"z":-0.004443827550858259,"w":-0.9787225127220154},"size":57.36901092529297,"orthographic":false}