{"cameraMode":{"drawMode":0,"name":"Shaded","section":"Shading Mode"},"sceneLighting":true,"audioPlay":false,"sceneViewState":{"m_AlwaysRefresh":false,"showFog":true,"showSkybox":true,"showFlares":true,"showImageEffects":true,"showParticleSystems":true,"showVisualEffectGraphs":true,"m_FxEnabled":true},"in2DMode":false,"pivot":{"x":10.069353103637696,"y":4.808547019958496,"z":8.407257080078125},"rotation":{"x":0.005687117110937834,"y":-0.039894167333841327,"z":-0.0002060703991446644,"w":-0.9992508888244629},"size":16.963871002197267,"orthographic":false}